<ImageGlass>
  <Configuration>
    <Info description="ImageGlass Configuration file" version="4.0" />
    <Content>
      <Item key="AppVersion" value="5.5.8.30" />
      <Item key="FirstLaunchVersion" value="5" />
      <Item key="AutoUpdate" value="8/30/2018 22:50:36" />
      <Item key="IsNewVersionAvailable" value="False" />
      <Item key="frmMain.WindowsBound" value="260,104,1235,894" />
      <Item key="frmMain.WindowsState" value="Normal" />
      <Item key="IsShowCheckedBackground" value="False" />
      <Item key="IsShowToolBar" value="True" />
      <Item key="IsShowThumbnailScroll" value="False" />
      <Item key="IsWindowAlwaysOnTop" value="False" />
      <Item key="ZoomMode" value="AutoZoom" />
      <Item key="ZoomLockValue" value="-1" />
      <Item key="IsShowThumbnail" value="True" />
      <Item key="IsThumbnailHorizontal" value="True" />
      <Item key="ThumbnailBarWidth" value="594" />
      <Item key="IsShowColorPickerOnStartup" value="False" />
      <Item key="ToolbarButtons" value="0,1,-1,2,3,4,5,7,11,-1,22,9,10,6,8,-1,12,13,14,-1,15,16,17,18,19,20,21" />
      <Item key="IsShowWelcome" value="False" />
      <Item key="IsShowToolbar" value="True" />
      <Item key="IsAllowMultiInstances" value="True" />
      <Item key="IsPressESCToQuit" value="True" />
      <Item key="IsConfirmationDelete" value="False" />
      <Item key="IsDisplayBasenameOfImage" value="False" />
      <Item key="IsShowingHiddenImages" value="False" />
      <Item key="IsLoopBackViewer" value="True" />
      <Item key="IsImageBoosterBack" value="True" />
      <Item key="MouseWheelAction" value="1" />
      <Item key="MouseWheelCtrlAction" value="2" />
      <Item key="MouseWheelShiftAction" value="3" />
      <Item key="MouseWheelAltAction" value="0" />
      <Item key="ZoomOptimization" value="0" />
      <Item key="IsLoopBackSlideShow" value="True" />
      <Item key="IsSaveAfterRotating" value="False" />
      <Item key="PreserveModifiedDate" value="False" />
      <Item key="IsColorPickerRGBA" value="False" />
      <Item key="IsColorPickerHEXA" value="False" />
      <Item key="IsColorPickerHSLA" value="False" />
      <Item key="frmSetting.WindowsBound" value="228,45,1084,890" />
      <Item key="frmSetting.WindowsState" value="Normal" />
      <Item key="ImageEditingAssociationList" value="[.bmp|||][.cur|||][.cut|||][.dds|||][.dib|||][.emf|||][.exif|||][.gif|||][.ico|||][.jfif|||][.jpe|||][.jpeg|||][.pbm|||][.pcx|||][.pgm|||][.png|Pixelformer|C:\Program Files (x86)\Pixelformer\Pixelformer.exe|&quot;&lt;file&gt;&quot;][.ppm|||][.psb|||][.svg|||][.tif|||][.tiff|||][.webp|||][.wmf|||][.wpg|||][.xbm|||][.xpm|||][.heic|||][.jpg|||][.exr|||][.hdr|||][.psd|||][.tga|||][.3fr|||][.ari|||][.arw|||][.bay|||][.crw|||][.cr2|||][.cap|||][.dcs|||][.dcr|||][.dng|||][.drf|||][.eip|||][.erf|||][.fff|||][.gpr|||][.iiq|||][.k25|||][.kdc|||][.mdc|||][.mef|||][.mos|||][.mrw|||][.nef|||][.nrw|||][.obm|||][.orf|||][.pef|||][.ptx|||][.pxn|||][.r3d|||][.raf|||][.raw|||][.rwl|||][.rw2|||][.rwz|||][.sr2|||][.srf|||][.srw|||][.tif|||][.x3f|||]" />
      <Item key="BackgroundColor" value="-13882324" />
      <Item key="Theme" value="D:\DEV\ImageGlass\Source\ImageGlass\bin\Debug\DefaultTheme\config.xml" />
      <Item key="DefaultImageFormats" value="*.bmp;*.cur;*.cut;*.dds;*.dib;*.emf;*.exif;*.gif;*.ico;*.jfif;*.jpe;*.jpeg;*.pbm;*.pcx;*.pgm;*.png;*.ppm;*.psb;*.svg;*.tif;*.tiff;*.webp;*.wmf;*.wpg;*.xbm;*.xpm;*.heic;*.jpg;" />
      <Item key="OptionalImageFormats" value="*.exr;*.hdr;*.psd;*.tga;*.3fr;*.ari;*.arw;*.bay;*.crw;*.cr2;*.cap;*.dcs;*.dcr;*.dng;*.drf;*.eip;*.erf;*.fff;*.gpr;*.iiq;*.k25;*.kdc;*.mdc;*.mef;*.mos;*.mrw;*.nef;*.nrw;*.obm;*.orf;*.pef;*.ptx;*.pxn;*.r3d;*.raf;*.raw;*.rwl;*.rw2;*.rwz;*.sr2;*.srf;*.srw;*.tif;*.x3f;" />
      <Item key="IsShowThumbnailScrollbar" value="False" />
      <Item key="IsShowToolBarBottom" value="False" />
      <Item key="IsZoomToFit" value="False" />
      <Item key="IsRecursiveLoading" value="False" />
      <Item key="ThumbnailDimension" value="128" />
      <Item key="ToolbarPosition" value="0" />
      <Item key="Language" value="" />
    </Content>
  </Configuration>
</ImageGlass>