<ImageGlass>
  <Configuration>
    <Info description="ImageGlass Configuration file" version="4.0" />
    <Content>
      <Item key="AppVersion" value="5.5.8.28" />
      <Item key="FirstLaunchVersion" value="5" />
      <Item key="AutoUpdate" value="8/28/2018 23:08:23" />
      <Item key="frmMain.WindowsBound" value="280,125,1301,800" />
      <Item key="frmMain.WindowsState" value="Normal" />
      <Item key="IsShowCheckedBackground" value="False" />
      <Item key="IsShowToolBar" value="True" />
      <Item key="IsShowThumbnailScroll" value="False" />
      <Item key="IsWindowAlwaysOnTop" value="False" />
      <Item key="ZoomMode" value="AutoZoom" />
      <Item key="ZoomLockValue" value="-1" />
      <Item key="IsShowThumbnail" value="False" />
      <Item key="IsThumbnailHorizontal" value="True" />
      <Item key="ThumbnailBarWidth" value="747" />
      <Item key="IsShowColorPickerOnStartup" value="False" />
      <Item key="ToolbarButtons" value="0,1,-1,2,3,4,5,7,11,-1,22,9,10,6,8,-1,12,13,14,-1,15,16,17,18,19,20,21," />
    </Content>
  </Configuration>
</ImageGlass>