<ImageGlass>
  <Configuration>
    <Info description="ImageGlass Configuration file" version="4.0" />
    <Content>
      <Item key="AppVersion" value="5.5.9.5" />
      <Item key="FirstLaunchVersion" value="5" />
      <Item key="AutoUpdate" value="9/5/2018 11:00:33 PM" />
      <Item key="IsShowWelcome" value="True" />
      <Item key="IsShowToolbar" value="True" />
      <Item key="IsAllowMultiInstances" value="True" />
      <Item key="IsPressESCToQuit" value="True" />
      <Item key="IsConfirmationDelete" value="False" />
      <Item key="IsDisplayBasenameOfImage" value="False" />
      <Item key="IsShowingHiddenImages" value="False" />
      <Item key="IsLoopBackViewer" value="True" />
      <Item key="IsImageBoosterBack" value="True" />
      <Item key="MouseWheelAction" value="1" />
      <Item key="MouseWheelCtrlAction" value="1" />
      <Item key="MouseWheelShiftAction" value="1" />
      <Item key="MouseWheelAltAction" value="1" />
      <Item key="ZoomOptimization" value="0" />
      <Item key="IsLoopBackSlideShow" value="True" />
      <Item key="IsSaveAfterRotating" value="False" />
      <Item key="PreserveModifiedDate" value="False" />
      <Item key="ToolbarButtons" value="0,1,-1,2,3,4,5,7,11,-1,22,9,10,6,8,-1,12,13,14,-1,15,16,17,18,19,20,21" />
      <Item key="IsColorPickerRGBA" value="False" />
      <Item key="IsColorPickerHEXA" value="False" />
      <Item key="IsColorPickerHSLA" value="False" />
      <Item key="frmSetting.WindowsBound" value="280,125,900,700" />
      <Item key="frmSetting.WindowsState" value="Normal" />
      <Item key="ImageEditingAssociationList" value="[.bmp|||][.cur|||][.cut|||][.dds|||][.dib|||][.emf|||][.exif|||][.gif|||][.heic|||][.ico|||][.jfif|||][.jpe|||][.jpeg|||][.jpg|||][.pbm|||][.pcx|||][.pgm|||][.png|||][.ppm|||][.psb|||][.svg|||][.tif|||][.tiff|||][.webp|||][.wmf|||][.wpg|||][.xbm|||][.xpm|||][.exr|||][.hdr|||][.psd|||][.tga|||][.3fr|||][.ari|||][.arw|||][.bay|||][.crw|||][.cr2|||][.cap|||][.dcs|||][.dcr|||][.dng|||][.drf|||][.eip|||][.erf|||][.fff|||][.gpr|||][.iiq|||][.k25|||][.kdc|||][.mdc|||][.mef|||][.mos|||][.mrw|||][.nef|||][.nrw|||][.obm|||][.orf|||][.pef|||][.ptx|||][.pxn|||][.r3d|||][.raf|||][.raw|||][.rwl|||][.rw2|||][.rwz|||][.sr2|||][.srf|||][.srw|||][.tif|||][.x3f|||]" />
      <Item key="frmMain.WindowsBound" value="280,125,1000,800" />
      <Item key="frmMain.WindowsState" value="Normal" />
      <Item key="IsShowCheckedBackground" value="False" />
      <Item key="IsShowToolBar" value="True" />
      <Item key="IsShowThumbnailScroll" value="False" />
      <Item key="IsWindowAlwaysOnTop" value="False" />
      <Item key="ZoomMode" value="AutoZoom" />
      <Item key="ZoomLockValue" value="-1" />
      <Item key="IsShowThumbnail" value="False" />
      <Item key="IsThumbnailHorizontal" value="True" />
      <Item key="ThumbnailBarWidth" value="323" />
      <Item key="IsShowColorPickerOnStartup" value="False" />
    </Content>
  </Configuration>
</ImageGlass>